Workbook

Sheet Лист1
A1: №№ | B1: ЖК | C1: Адрес объекта | D1: ID объекта | E1: IP-адрес(Контроллеры) | F1: Производитель | H1: порт | I1: IP-адрес (Теплосчётчики) | O1: Станция ХВС 1 | P1: Станция ХВС 2 | Q1: Некорректные данные от контроллеров | R1: Потребитель | S1: Ответственный
A2: 1 | B2: ЖК Саларьево-парк | C2: ул. Саларьевская д.9 | D2: 1 | E2: 172.32.20.32 | F2: Danfoss | G2: ECL310/210/mcx | H2: 502 | I2: 172.32.20.32 | J2: Теплосеть ТСРВ-042 (21:503) s/n 1901717 | K2: ГВС1,2 СВ а/с ТСРВ-024М (2:503) s/n 1901867 | L2: СО ЖЧ,НЖЧ,СВ клад ТСРВ-024М (1:503) s/n 1900039
A3: 2 | B3: ЖК Полярная 25 | C3: ул. Полярная д.25 корп.3 | D3: 2 | E3: 172.32.64.130 | F3: Danfoss | G3: ECL310/210/mcx | H3: 502
A4: 3 | B4: Тюмень | C4: ул. Полевая д.117 корп.3 | D4: 3 | E4: 172.32.21.138 | F4: Danfoss | G4: ECL4 | H4: 502
A5: 4 | B5: ЖК Кантемировская | C5: Муравска | D5: 4 | E5: 172.32.22.178 | F5: Signetics | G5: SMH4 | H5: 502
A6: 5 | B6: ЖК Саларьево-парк | C6: Адрес объекта | D6: 5 | E6: 172.32.20.23 | F6: Transformer | G6: SL | H6: 502 | I6: 172.32.20.24 | J6: Теплосеть ТСРВ-042 (20:502) s/n 1900944 | K6: ГВС ТСРВ-024М (21:502) s/n 1900922 | L6: СО ТСРВ-024М (22:502) s/n 1901296
A7: 6 | B7: ЖК Саларьево-парк | C7: ЖК Саларьево Парк, ул. Большое Понизовье д.3 | D7: 6 | E7: 172.32.20.12 | F7: Danfoss | G7: ECL310/210/mcx | H7: 502 | I7: 172.32.20.12 | J7: Теплосеть (ВИСТ 3:503) s/n 210879
A8: 7 | B8: ЖК Саларьево-парк | C8: ЖК Саларьево Парк, пр-т Магеллана д.33 | D8: 7 | E8: 172.32.20.2 | F8: Danfoss | G8: ECL310/210/mcx | H8: 502 | I8: 172.32.20.2 | J8: Теплосеть ТСРВ-042 (1:503) s/n 2001418 | K8: ГВС ТСРВ-042 (2:503) s/n 2101107 | L8: СО ЖЧ, СО НЖЧ, СВ клад ТСРВ-024М (3:503) s/n 2100048
A9: 8 | B9: ЖК Саларьево-парк | C9: ул. Большое Понизовье д.14 | D9: 8 | E9: 172.32.20.4 | F9: Danfoss | G9: ECL310/210/mcx | H9: 502 | I9: 172.32.20.4 | J9: Теплосеть ТСРВ-042 (21:503) s/n 2100018
A10: 9 | B10: ЖК Белая дача парк | C10: ул. Парковый микр. д.1 корп.6-7 | D10: 9 | E10: 172.32.75.2 | F10: Danfoss | G10: ECL310/210/mcx | H10: 502 | I10: 172.32.75.4 | J10: Теплосеть ТСРВ-042 (1:503) s/n 2100256 | K10: ГВС 1-2 ТСРВ-042 (2:504) s/n 2100989 | L10: СО Жч, Не Жч, Вентилячия ТСРВ-024М (3:504) s/n2100233
A11: 10 | B11: Тюмень | C11: ул. Полевая д.117 корп.5 | D11: 10 | E11: 172.32.21.142 | F11: Danfoss | G11: ECL310/210/mcx | H11: 502
A12: 11 | B12: Тюмень | C12: ул. Полевая д.117 корп.7 | D12: 11 | E12: 172.32.21.134 | F12: Danfoss | G12: ECL310/210/mcx | H12: 502
A13: 12 | B13: ЖК Измайловский лес | C13: ул. Реутовская д.20 | D13: 12 | E13: 172.32.64.194 | F13: Danfoss | G13: ECL310/210/mcx | H13: 502 | I13: 172.32.64.194 | J13: Теплосеть ТСРВ-042 (3:503) s/n 1900474 | K13: ГВС 1-2 ТСРВ-024М (2:503) s/n 2101344 | L13: СО ТСРВ-024М (1:503) s/n 2000013
A14: 13 | B14: Тюмень | C14: ул. Полевая д.117 корп.6 | D14: 13 | E14: 172.32.21.130 | F14: Danfoss | G14: ECL310/210/mcx | H14: 502
A15: 14 | B15: ЖК Сокольнический вал 1 | C15: ул. Сокольнический вал д.1 корп.1 | D15: 14 | E15: 172.32.22.2 | F15: Ridan | G15: Ridan | H15: 502
A16: 15 | B16: ЖК Мещерский лес | C16: ЖК Мещерский лес, ул. Домостроительная, д.2 | D16: 15 | E16: 172.32.23.130 | F16: Transformer | G16: SL | H16: 502 | I16: 172.32.23.160 | J16: Теплосеть ТСРВ-042 (1:502) s/n 2200378 | K16: ГВС1 и ГВС2 ТСРВ-042 (11:502) s/n 2200384 | L16: СО ЖЧ, СО НЖЧ, СВ НЖЧ ТСРВ-024M (12:502) s/n 2101203 | R16: ПИК-КОМФОРТ СИРИУС ООО
A17: 16 | B17: ЖК Бунинские луга | C17: ул. Александры Монаховой д.87 корп.2 | D17: 16 | E17: 172.32.21.66 | F17: Danfoss | G17: ECL310/210/mcx | H17: 502 | I17: 172.32.21.66 | J17: Теплосеть ТСРВ-042 (1:503) s/n 2101098 | K17: ГВС ТСРВ-042 (22:503) s/n 2101101 | L17: СВ, СО ЖЧ,НЖЧ ТСРВ-024M (23:503) s/n 2100398
A18: 17 | B18: ЖК Бунинские луга | C18: ул. Александры Монаховой д.87 корп.3 | D18: 17 | E18: 172.32.21.67 | F18: Danfoss | G18: ECL310/210/mcx | H18: 502 | I18: 172.32.21.67 | J18: Теплосеть ТСРВ-042 (1:503) s/n 1900453 | K18: ГВС ТСРВ-042 (22:503) s/n 1900447 | L18: СВ, СО ЖЧ,НЖЧ ТСРВ-024M (23:503) s/n 2200387
A19: 18 | B19: ЖК Бунинские луга | C19: ул. Александры Монаховой д.87 корп.1 | D19: 18 | E19: 172.32.21.68 | F19: Danfoss | G19: ECL310/210/mcx | H19: 502 | I19: 172.32.21.126 | J19: Теплосеть ТСРВ-042 (1:503) s/n 2101139 | K19: ГВС ТСРВ-042 (22:503) s/n 2101159 | L19: СВ, СО ЖЧ,НЖЧ ТСРВ-024M (23:503) s/n 2100028
A20: 19 | B20: ЖК Бунинские луга | C20: ул. Александры Монаховой д.87 корп.4 | D20: 19 | E20: 172.32.21.69 | F20: Danfoss | G20: ECL310/210/mcx | H20: 502 | I20: 172.32.21.69 | J20: Теплосеть ТСРВ-042 (1:503) s/n 2101135 | K20: ГВС ТСРВ-042 (22:503) s/n 2101147 | L20: СВ, СО ЖЧ,НЖЧ ТСРВ-024M (23:503) s/n 2101014
A21: 20 | B21: ЖК Бунинские луга | C21: ул. Александры Монаховой д.87 корп.5 | D21: 20 | E21: 172.32.21.70 | F21: Danfoss | G21: ECL310/210/mcx | H21: 502 | I21: 172.32.21.70 | J21: Теплосеть ТСРВ-042 (1:503) s/n 2101125 | K21: ГВС ТСРВ-042 (22:503) s/n 2001387 | L21: СВ, СО ЖЧ,НЖЧ ТСРВ-024M (23:503) s/n 2101125
A22: 21 | B22: ЖК Бунинские луга | C22: ул. Александры Монаховой д.87 корп.6 | D22: 21 | E22: 172.32.21.71 | F22: Danfoss | G22: ECL310/210/mcx | H22: 502 | I22: 172.32.21.71 | J22: Теплосеть ТСРВ-042 (1:503) s/n 2101105 | K22: ГВС ТСРВ-42 (22:503) s/n 2101092 | L22: СВ, СО ЖЧ,НЖЧ ТСРВ-024M (23:503) s/n 2101105
A23: 22 | B23: ЖК Мещерский лес | C23: ЖК Мещерский лес, Боровское шоссе, д.2А, корп.4 (корп.1.1) | D23: 22 | E23: 172.32.23.132 | F23: МЗТА | G23: MZTA:502 | H23: 502 | I23: 172.32.23.131 | J23: Теплосеть (ВИСТ 1:504) s/n 170245 | K23: ГВС2 (ВИСТ 3:503) s/n 170244 | L23: СО ЖЧ (ВИСТ 4:503) s/n 170246 | R23: ПИК-КОМФОРТ ООО
A24: 23 | B24: ЖК Мещерский лес | C24: ЖК Мещерский лес, Боровское шоссе, д.2, корп.2 (корп.6.1) | D24: 23 | E24: 172.32.23.133 | F24: Danfoss | G24: ECL310/210/mcx | H24: 502 | I24: 172.32.23.133 | J24: Теплосеть ТСРВ-042 (21:503) s/n 1901660 | K24: ГВС1, ГВС2 ТСРВ-024M (22:503) s/n 1900558 | L24: СВ, СО ЖЧ,НЖЧ ТСРВ-024M (23:503) s/n 1901999 | R24: ПИК-КОМФОРТ ООО
A25: 24 | B25: ЖК Мещерский лес | C25: ЖК Мещерский лес, ул. Домостроительная, д.14 | D25: 24 | E25: 172.32.23.141 | F25: Danfoss | G25: ECL310/210/mcx | H25: 502 | I25: 172.32.23.141 | J25: Теплосеть ТСРВ-042 (21:503) s/n 1901763 | K25: ГВС1, ГВС2 ТСРВ-024M (22:503) s/n 1901017 | L25: СВ, СО ЖЧ,НЖЧ ТСРВ-024M (23:503) s/n 1900208 | R25: ПИК-КОМФОРТ ООО
A26: 25 | B26: ЖК Мещерский лес | C26: ЖК Мещерский лес, Боровское шоссе, д.2 корп.3 (корп.5.2) | D26: 25 | E26: 172.32.23.143 | F26: Danfoss | G26: ECL310/210/mcx | H26: 502 | I26: 172.32.23.143 | J26: Теплосеть ТСРВ-042 (21:503) s/n 1901109 | K26: СВ, СО ЖЧ,НЖЧ ТСРВ-024M (22:503) s/n 1900512 | L26: ГВС1, ГВС2 ТСРВ-024M (23:503) s/n 1801826 | R26: ПИК-КОМФОРТ ООО
A27: 26 | B27: ЖК Ильинские луга | C27: ул. Заповедная, д.14 | D27: 26 | E27: 172.32.65.130 | F27: Danfoss | G27: ECL310/210/mcx | H27: 502 | I27: 172.32.65.171 | J27: Теплосеть ТСРВ-042 (1:503) s/n 2201001 | K27: ЖЧ СО, НЖЧ СО, ГВС ТСРВ-024м (2:503) s/n 2000128 | R27: ПИК-КОМФОРТ ЭЛИТСЕРВИС ООО
A28: 27 | B28: ЖК Бусиновский парк | C28: Бусиновский парк, корп.1.1 | D28: 27 | E28: 172.32.21.34 | F28: Danfoss | G28: ECL310/210/mcx | H28: 502 | R28: ПИК-КОМФОРТ СИРИУС ООО
A29: 28 | B29: ЖК Бусиновский парк | C29: Бусиновский парк, корп.2.1-2.2 | D29: 28 | E29: 172.32.21.36 | F29: Danfoss | G29: ECL310/210/mcx | H29: 502 | R29: ПИК-КОМФОРТ СИРИУС ООО
A30: 29 | B30: ЖК Жулебино парк | C30: ул. Летчика Ларюшина, д.4 | D30: 29 | E30: 172.32.68.2 | F30: Danfoss | G30: ECL310/210/mcx | H30: 502 | I30: 172.32.68.28 | J30: Теплосеть ТСРВ-042 (1:503) s/n 2200998 | K30: ГВС 1, ГВС 2 ТСРВ-042 (23:503) s/n 2200074 | L30: СО ЖЧ, СО НЖЧ, СВ ТСРВ-024м (22:503) s/n 2101124 | R30: ПИК-КОМФОРТ ЭЛИТСЕРВИС ООО
A31: 30 | B31: ЖК Жулебино парк | C31: ул. Летчика Ларюшина, д.4.1 (стр.11) | D31: 30 | E31: 172.32.68.3 | F31: Danfoss | G31: ECL310/210/mcx | H31: 502 | I31: 172.32.68.29 | J31: Теплосеть ТСРВ-042 (21:503) s/n 1801491 | K31: ГВС 1, ГВС 2 ТСРВ-042 (23:503) s/n 2101094 | L31: СО ЖЧ, СО НЖЧ, СВ ТСРВ-024м (22:503) s/n 2101364 | R31: ПИК-КОМФОРТ ЭЛИТСЕРВИС ООО
A32: 31 | B32: ЖК Люблинский парк | C32: ул. Люблинская, вл.72 корп.9 | D32: 31 | E32: 172.32.64.3 | F32: Danfoss | G32: ECL310/210/mcx | H32: 502
A33: 32 | B33: ЖК Дмитровский парк | C33: ЖК Дмитровский Парк, ул. Лобненская, д.13 корп.3 | D33: 32 | E33: 172.32.21.22 | F33: Danfoss | G33: ECL310/210/mcx | H33: 502 | I33: 172.32.21.23 | J33: Теплосеть (ВИСТ 21:502) s/n 210779 | K33: СО2 корп. 1 и 2 (ВИСТ 22:502) s/n 210783 | L33: Вент к. 1.3 и 1.2 (ВИСТ 23:502) s/n 210784 | M33: ГВС1 и ГВС2 (ВИСТ 24:502) s/n 210785 | N33: СО1 к.1.2 и СО ПОН к.1.2 (ВИСТ 25:502) s/n 210780 | O33: СО1 к.1.3 и СО ПОН к.1.3 (ВИСТ 26:502) s/n 210781 | P33: СО авт.ст. (ВИСТ 27:502) s/n 210782 | R33: ПИК-КОМФОРТ СМАРТ ООО
A34: 33 | B34: ЖК Дмитровский парк | C34: ЖК Дмитровский Парк, ул. Лобненская, д.13 корп.1 | D34: 33 | E34: 172.32.21.19 | F34: Danfoss | G34: ECL310/210/mcx | H34: 502 | I34: 172.32.21.19 | J34: Теплосеть ТСРВ-042 (1:503) | K34: СО 1з ТСРВ-024М (22:503) | L34: ГВС 1,ГВС2,СО 2з ТСРВ-024М (23:503) | R34: ПИК-КОМФОРТ ООО
A35: 34 | B35: ЖК Дмитровский парк | C35: ЖК Дмитровский Парк, ул. Лобненская, д.13 корп.2 (ИТП 2.1 секц.5) | D35: 34 | E35: 172.32.21.20 | F35: Danfoss | G35: ECL310/210/mcx | H35: 502 | I35: 172.32.21.20 | J35: Теплосеть (ВИСТ 11:503) s/n 200821 | K35: СО1 конт. 1 и 2 (ВИСТ 12:503) s/n 200824 | L35: СО2 конт. 1 и 2 (ВИСТ 13:503) s/n 200823 | M35: Тепло ПОН1, ПОН3, Вент.1 и 3 (ВИСТ 14:503) s/n 200822 | R35: ВИТЯЗЬ УК ООО
A36: 35 | B36: ЖК Дмитровский парк | C36: ЖК Дмитровский Парк, ул. Лобненская, д.13 корп.2 (ИТП 2.2 секц.6) | D36: 35 | E36: 172.32.21.21 | F36: Danfoss | G36: ECL310/210/mcx | H36: 502 | I36: 172.32.21.21 | J36: Теплосеть (ВИСТ 1:503) s/n 200825 | K36: СО1 конт.3 и 4 (ВИСТ 12:503) s/n 200827 | L36: СО2 конт. 1 и 2 (ВИСТ 13:503) s/n 200828 | M36: Тепло ПОН (ВИСТ 14:503) s/n 200829 | N36: ГВС1 конт.1 и 2 (ВИСТ 15:503) s/n 200830 | O36: ГВС2 конт.1 и 2 (ВИСТ 16:503) s/n 200831 | P36: СО1 конт.1 и 2 (ВИСТ 17:503) s/n 200826 | R36: ВИТЯЗЬ УК ООО
A37: 36 | B37: ЖК Волжский парк | C37: 1-й Грайвороновский пр-д д.11 корп.1 | D37: 36 | E37: 172.32.23.70 | F37: DVP | G37: DVP28SV | H37: 8000 | R37: ПИК-КОМФОРТ СИРИУС ООО
A38: 37 | B38: ЖК Мещерский лес | C38: ЖК Мещерский лес, Боровское шоссе, д.2А, корп.2 | D38: 37 | E38: 172.32.23.134 | F38: Transformer | G38: SL | H38: 502 | I38: 172.32.23.135 | J38: Теплосеть (ВИСТ 1:502) s/n 173197 | K38: ГВС1 и НЖЧ (ВИСТ 2:502) s/n 173412 | L38: ГВС2 (ВИСТ 3:503) s/n 173411 | M38: СО ЖЧ (ВИСТ 4:503) s/n 173413 | R38: ПИК-КОМФОРТ ООО
A39: 38 | B39: ЖК Красноказарменная 15 | C39: ул. Красноказарменная, д.15 корп.1.1 | D39: 38 | E39: 172.32.23.2 | F39: Danfoss | G39: ECL310/210/mcx | H39: 502 | R39: ПИК-КОМФОРТ СМАРТ ООО
A40: 39 | B40: ЖК Волжский парк | C40: 1-й Грайвороновский пр-д д.11 корп.2 | D40: 39 | E40: 172.32.23.72 | F40: DVP | G40: DVP28SV | H40: 8000 | R40: ПИК-КОМФОРТ СИРИУС ООО
A41: 40 | B41: ЖК Красноказарменная 15 | C41: ул. Красноказарменная, д.15 корп.1.2 | D41: 40 | E41: 172.32.23.3 | F41: Ridan | G41: 3R | H41: 502 | R41: КАПЕЛЛА УК ООО
A42: 41 | B42: ЖК Мещерский лес | C42: ЖК Мещерский лес, Боровское шоссе, д.2, корп.7 | D42: 41 | E42: 172.32.23.138 | F42: МЗТА | G42: MZTA:502 | H42: 502 | I42: 172.32.23.139 | J42: Теплосеть (ВИСТ 21:502) s/n 180465 | K42: ГВС1 и НЖЧ (ВИСТ 22:502) s/n 180469 | L42: ГВС2 (ВИСТ 23:502) s/n 180467 | M42: НЖЧ (ВИСТ 24:502) s/n 180466 | N42: СО ЖЧ и НЖЧ (ВИСТ 25:502) s/n 180468 | R42: ПИК-КОМФОРТ ООО
A43: 42 | B43: ЖК Мещерский лес | C43: ЖК Мещерский лес, Боровское шоссе, д.2А, корп.1 | D43: 42 | E43: 172.32.23.136 | F43: Transformer | G43: SL | H43: 502 | I43: 172.32.23.137 | J43: Теплосеть (ВИСТ 1:502) s/n 173176 | K43: НЖЧ, ЖЧ (ВИСТ 2:502) s/n 173415 | L43: ГВС2 (ВИСТ 3:502) s/n 174262 | M43: ГВС1, НЖЧ (ВИСТ 4:502) s/n | R43: ПИК-КОМФОРТ ООО
A44: 43 | B44: ЖК Ильинские луга | C44: Москва, Архангельская ул., д.6 | D44: 43 | E44: 172.32.65.133 | F44: Transformer | G44: SL | H44: 502 | I44: 172.32.65.176 | J44: Теплосеть ТСРВ-042 (1:503) s/n 2200976 | K44: ГВС ТСРВ-042 (11:502) s/n 2201027 | L44: ЖЧ СО, НЖЧ СО, ВС ТСРВ-024м (12:502) s/n 2000050 | R44: ПИК-КОМФОРТ ЭЛИТСЕРВИС ООО
A45: 44 | B45: ЖК Мещерский лес | C45: ЖК Мещерский лес, Боровское шоссе, д.2, корп.6 | D45: 44 | E45: 172.32.23.140 | F45: МЗТА | G45: MZTA:502 | H45: 502 | I45: 172.32.23.144 | J45: Теплосеть (ВИСТ 21:503) s/n 180461 | K45: ГВС2 (ВИСТ 22:503) s/n 180462 | L45: ГВС1 и НЖЧ (ВИСТ 23:503) s/n 180464 | M45: СО НЖЧ и ЖЧ (ВИСТ 24:503) s/n 180463 | R45: ПИК-КОМФОРТ ООО
A46: 45 | B46: ЖК Мещерский лес | C46: ЖК Мещерский лес, Боровское шоссе, д.2 корп.4 (корп.5.1) | D46: 45 | E46: 172.32.23.142 | F46: Transformer | G46: SL | H46: 502 | I46: 172.32.23.151 | J46: Теплосеть (ВИСТ 20:502) s/n 190078 | K46: НЖЧ, ЖЧ (ВИСТ 21:502) s/n 190350 | L46: ГВС2, Вент. (ВИСТ 22:502) s/n 190352 | M46: ГВС1, НЖЧ (ВИСТ 23:502) s/n 190351 | R46: ПИК-КОМФОРТ ООО
A47: 46 | B47: ЖК Бунинские луга | C47: пр-т Куприна д.18 корп.2 | D47: 46 | E47: 172.32.21.72 | F47: Transformer | G47: SL | H47: 502 | J47: Теплосеть ТСРВ-042 (1:502) s/n 2200535 | K47: ТСРВ-042 ГВС (22:502) s/n 2200510 | L47: ТСРВ-024М (23:502) s/n 2200171
A48: 47 | B48: ЖК Мещерский лес | C48: ЖК Мещерский лес, Боровское шоссе, д.2, корп.5 секц.1 | D48: 47 | E48: 172.32.23.145 | F48: Transformer | G48: SL | H48: 502 | I48: 172.32.23.154 | J48: Теплосеть (ВИСТ 20:502) s/n 181513 | K48: СО ПОН (ВИСТ 21:502) s/n 181512 | L48: СО ЖЧ, Вент. (ВИСТ 22:502) s/n 181514 | M48: ГВС1 и НЖЧ (ВИСТ 23:502) s/n | N48: ГВС2 (ВИСТ 24:502) s/n 181516 | R48: ПИК-КОМФОРТ ООО
A49: 48 | B49: ЖК Мещерский лес | C49: ЖК Мещерский лес, Боровское шоссе, д.2, корп.5 секц.2 | D49: 48 | E49: 172.32.23.146 | F49: Transformer | G49: SL | H49: 502 | I49: 172.32.23.155 | J49: Теплосеть (ВИСТ 20:502) s/n 181518 | K49: ГВС1 и НЖЧ (ВИСТ 21:502) s/n 181520 | L49: ГВС2 (ВИСТ 22:502) s/n 181517 | M49: СО ПОН (ВИСТ 23:502) s/n 181521 | N49: СО ЖЧ, Вент. (ВИСТ 24:502) s/n 181519 | R49: ПИК-КОМФОРТ ООО
A50: 49 | B50: ЖК Мещерский лес | C50: ЖК Мещерский лес, Боровское шоссе, д.2, корп.5 секц.3 | D50: 49 | E50: 172.32.23.147 | F50: Transformer | G50: SL | H50: 502 | I50: 172.32.23.156 | J50: Теплосеть (ВИСТ 20:502) s/n 181504 | K50: ГВС1 и НЖЧ (ВИСТ 21:502) s/n 181506 | L50: ГВС2 (ВИСТ 22:502) s/n 181503 | M50: СО ЖЧ, Вент. (ВИСТ 23:502) s/n 181505 | N50: СО ПОН (ВИСТ 24:502) s/n 181078 | R50: ПИК-КОМФОРТ ООО
A51: 50 | B51: ЖК Мещерский лес | C51: ЖК Мещерский лес, Боровское шоссе, д.2, корп.5 секц.4 | D51: 50 | E51: 172.32.23.148 | F51: Transformer | G51: SL | H51: 502 | I51: 172.32.23.157 | J51: Теплосеть (ВИСТ 20:502) s/n 181509 | K51: СО ПОН (ВИСТ 21:502) s/n 181507 | L51: СО ЖЧ, Вент. (ВИСТ 22:502) s/n 181510 | M51: ГВС2 (ВИСТ 23:502) s/n 181508 | N51: ГВС1 и НЖЧ (ВИСТ 24:502) s/n 181511 | R51: ПИК-КОМФОРТ ООО
A52: 51 | B52: ЖК Мещерский лес | C52: ЖК Мещерский лес, Боровское шоссе, д.2А, корп.3 (стр.1.2) | D52: 51 | E52: 172.32.23.149 | F52: МЗТА | G52: MZTA:502 | H52: 502 | I52: 172.32.23.150 | J52: Теплосеть (ВИСТ 1:503) s/n 170240 | K52: НЖЧ, ЖЧ (ВИСТ 2:503) s/n 170242 | L52: ГВС2 (ВИСТ 3:503) s/n 170241 | M52: ГВС1, НЖЧ (ВИСТ 4:503) s/n 170243 | R52: ПИК-КОМФОРТ ООО
A53: 52 | B53: ЖК Кузьминский лес | C53: МО, Котельники г., Белая дача мкр., 11 корп.1 | D53: 52 | E53: 172.32.65.114 | F53: Danfoss | G53: ECL310/210/mcx | H53: 502 | I53: 172.32.65.123 | J53: Теплосеть ТСРВ-042 (1:503) s/n 1901710 | K53: СО ЖЧ, СО НЖЧ, ВС ТСРВ-024М (2:503) s/n 1901307 | L53: ГВС1, ГВС2 ТСРВ-042 (3:503) s/n 1901624 | R53: ПИК-КОМФОРТ ЭЛИТСЕРВИС ООО
A54: 53 | B54: ЖК Кузьминский лес | C54: МО, Котельники г., Белая дача мкр., 25 корп.1 | D54: 53 | E54: 172.32.65.115 | F54: Danfoss | G54: ECL310/210/mcx | H54: 502 | I54: 172.32.65.126 | J54: Теплосеть ТСРВ-042 (1:503) s/n 2101063 | R54: ПИК-КОМФОРТ ООО
A55: 54 | B55: ЖК Столичные поляны | C55: ЖК столичные поляны, ул. Поляны ,д.5А, корп.1 (корп.1) | D55: 54 | E55: 172.32.66.130 | F55: Transformer | G55: SL | H55: 502 | I55: 172.32.66.131 | J55: Теплосеть ТСРВ-042 (20:502) s/n1800448 | K55: СО 1, БЕФН, СВ ТСРВ-024М (21:502) s/n 1801615 | L55: СВ а/с, СО2 ТСРВ-042 (ОТКЛ:502) s/n1800425 | M55: ГВС 1,2,НЖЧ ТСРВ-024М (23:502) s/n 1801570 | R55: НАШ ДОМ ПИ-КОМФОРТ ООО
A56: 55 | B56: ЖК Столичные поляны | C56: ЖК Столичные Поляны, ул.Поляны, д.5А,корп.3 | D56: 55 | E56: 172.32.66.133 | F56: Transformer | G56: SL | H56: 502 | I56: 172.32.66.134 | J56: Теплосеть ТСРВ-042 (11:502) s/n1601662 | K56: СО 1зона ТСРВ-042 (1:502) s/n1601421 | L56: ГВС1,ГВС2 ТСРВ-024М (2:502) s/n1800350 | M56: СО1,НЖЧ,СВ ТСРВ-024М (ОТКЛ:502) s/n1800443 | R56: ПИК-КОМФОРТ ООО
A57: 56 | B57: ЖК Столичные поляны | C57: ЖК столичные поляны, ул. Поляны ,д.5А, корп.2 (корп.4) | D57: 56 | E57: 172.32.66.132 | F57: Danfoss | G57: ECL310/210/mcx | H57: 502 | I57: 172.32.66.132 | J57: Теплосеть (ВИСТ 21:503) s/n 201141 | K57: СО2 ЖЧ (ВИСТ 22:503) s/n 201136 | L57: СО авт.ст. (ВИСТ 23:503) s/n 201135 | M57: СО ЖЧ и НЖЧ (ВИСТ 24:503) s/n 201133 | N57: Вент.кладов (ВИСТ 25:503) s/n 201134 | O57: ГВС1 и ГВС2 (ВИСТ 26:503) s/n 201137 | R57: ПИК-КОМФОРТ СМАРТ ООО
A58: 57 | B58: ЖК Столичные поляны | C58: ЖК Столичные Поляны, ул.Поляны, д.5А,корп.4 | D58: 57 | E58: 172.32.66.135 | F58: Transformer | G58: SL | H58: 502 | I58: 172.32.66.136 | J58: Теплосеть ТСРВ-042 (11:502) s/n1602482 | K58: СО 2 зона ТСРВ-042 (1:502) s/n1601843 | L58: СО1,НЖЧ,СВ ТСРВ-024М (2:502) s/n1800240 | M58: ГВС1,ГВС2 ТСРВ-024М (ОТКЛ:502) s/n1800524 | R58: ПИК-КОМФОРТ ООО
A59: 58 | B59: ЖК Бунинские луга | C59: ЖК Бунинские луга, ул. Александры Монаховой 91к2 | D59: 58 | E59: 172.32.21.74 | F59: Danfoss | G59: ECL310/210/mcx | H59: 502 | I59: 172.32.70.131 | J59: Теплосеть ТСРВ-042 (1:502) s/n1900467 | K59: СО, СО НЖЧ, СВ НЖЧ ТСРВ-024М (22:502) 2200118 | L59: ГВС ТСРВ-042 (21:502) s/n 1900454 | R59: ПИК-КОМФОРТ СИРИУС ООО
A60: 59 | B60: ЖК Волжский парк | C60: 1-й Грайвороновский пр-д, 7А, корп.2 | D60: 59 | E60: 172.32.23.68 | F60: DVP | G60: DVP28SV | H60: 8000 | R60: ПИК-КОМФОРТ СИРИУС ООО
A61: 60 | B61: ЖК Волжский парк | C61: 1-й Грайвороновский пр-д, 7А, корп.1 | D61: 60 | E61: 172.32.23.74 | F61: DVP | G61: DVP28SV | H61: 8000 | R61: ПИК-КОМФОРТ СИРИУС ООО
A62: 61 | B62: ЖК Столичные поляны | C62: ЖК столичные поляны, ул. Поляны ,д.5А, корп.5 (корп.5) | D62: 61 | E62: 172.32.66.137 | F62: Danfoss | G62: ECL310/210/mcx | H62: 502 | I62: 172.32.66.137 | J62: Теплосеть (ВИСТ 21:503) s/n 201217 | K62: НЖЧ и Вент. (ВИСТ 22:503) s/n 201220 | L62: СО1 и СО2 (ВИСТ 23:503) s/n 201218 | M62: ГВС1 и ГВС2 (ВИСТ 24:503) s/n 201219 | R62: ПИК-КОМФОРТ СМАРТ ООО
A63: 62 | B63: ЖК Перовское 2 | C63: Перовское шоссе д.2 корп.3 | D63: 62 | E63: 172.32.68.34 | F63: Danfoss | G63: ECL310/210/mcx | H63: 502
A64: 63 | B64: ЖК Люберцы парк | C64: ул. 8-го марта д.12 корп.1 | D64: 63 | E64: 172.32.68.66 | F64: Danfoss | G64: ECL4 | H64: 502 | I64: 172.32.68.66 | J64: Теплосеть ТСРВ-042 (21:503) s/n2101244 | R64: ПИК-КОМФОРТ ЭЛИТСЕРВИС ООО
A65: 64 | B65: ЖК Люберецкий | C65: ул. Юности д.6 | D65: 64 | E65: 172.32.68.98 | F65: Danfoss | G65: ECL310/210/mcx | H65: 502 | I65: 172.32.68.112 | J65: Теплосеть ТСРВ-042 (21:503) s/n2101424 | R65: ПИК-КОМФОРТ ЭЛИТСЕРВИС ООО
A66: 65 | B66: ЖК Люберецкий | C66: ул. Юности д.4 | D66: 65 | E66: 172.32.68.99 | F66: Danfoss | G66: ECL310/210/mcx | H66: 502 | I66: 172.32.68.111 | J66: Теплосеть ТСРВ-042 (21:503) s/n 2100210 | R66: ПИК-КОМФОРТ ЭЛИТСЕРВИС ООО
A67: 66 | B67: ЖК Новохохловская 15 | C67: ул. Новохохловская д.15 корп.1,2 | D67: 66 | E67: 172.32.65.98 | F67: Danfoss | G67: ECL310/210/mcx | H67: 502
A68: 67 | B68: ЖК Люберецкий | C68: ул. Юности д.2 | D68: 67 | E68: 172.32.68.100 | F68: Danfoss | G68: ECL310/210/mcx | H68: 502 | I68: 172.32.68.110 | J68: Теплосеть ВИС.Т3 (21:503) s/n 211199 | R68: ПИК-КОМФОРТ ЭЛИТСЕРВИС ООО
A69: 68 | B69: ЖК Михайловский парк | C69: ул. Михайлова д.30А корп.6 | D69: 68 | E69: 172.32.65.66 | F69: Danfoss | G69: ECL310/210/mcx | H69: 502 | R69: КАПЕЛЛА УК ООО
A70: 69 | B70: ЖК Академика Павлова | C70: ЖК Академика Павлова, ул. Академика Павлова д.28 | D70: 69 | E70: 172.32.22.36 | F70: Danfoss | G70: ECL310/210/mcx | H70: 502 | I70: 172.32.22.36 | J70: Теплосеть ТСРВ-042 (1:503) s/n 2000357 | K70: СО 1з, НЖЧ,клад ТСРВ-024М (5:503) | L70: СО 2з,СО а/с,ТСРВ-42 (6:503) s/n 2000319 | M70: ГВС1,ГВС2 ТСРВ-42 (10:503) s/n 2000281 | R70: ПИК-КОМФОРТ ООО
A71: 70 | B71: ЖК Академика Павлова | C71: ЖК Академика Павлова, ул. Академика Павлова д.40 | D71: 70 | E71: 172.32.22.35 | F71: Danfoss | G71: ECL310/210/mcx | H71: 502 | I71: 172.32.22.35 | J71: Теплосеть ТСРВ-042 (1:503) s/n 2000970 | K71: СВ клад, СО1, СО НЖЧ ТСРВ-024М (2:503) | L71: СВ а/с, СО2з ТСРВ-042 (3:503) s/n 2001038 | M71: ГВС1,ГВС2 ТСРВ-042 (4:503) s/n 2001033 | R71: ПИК-КОМФОРТ ООО
A72: 71 | B72: ЖК Академика Павлова | C72: ЖК Академика Павлова, ул. Академика Павлова д.38 | D72: 71 | E72: 172.32.22.34 | F72: Danfoss | G72: ECL310/210/mcx | H72: 502 | I72: 172.32.22.34 | J72: Теплосеть ТСРВ-042 (1:503) s/n 2100211 | K72: СО НЖЧ, СВ НЖЧ, а/с ТСРВ-024М (15:503) | L72: ГВС1,ГВС2 ТСРВ-042 (14:503) s/n 2100988 | M72: СО1з, СО2з ТСРВ-042 (13:503) s/n 2100447 | R72: ПИК-КОМФОРТ СИРИУС ООО
A73: 72 | B73: ЖК Руставелли | C73: ул. Руставелли д.14 корп.1.3 | D73: 72 | E73: 172.32.67.194 | F73: Danfoss | G73: ECL310/210/mcx | H73: 502
A74: 73 | B74: ЖК Бунинские луга | C74: ЖК Бунинские луга, ул. Александры Монаховой д.91к1 | D74: 73 | E74: 172.32.21.75 | F74: Transformer | G74: SL | H74: 502 | I74: 172.32.70.130 | J74: Теплосеть ТСРВ-042 (1:502) s/n 2200156 | R74: ПИК-КОМФОРТ СИРИУС ООО
A75: 74 | B75: ЖК Ильинские луга | C75: ул. Заповедная д.9А | D75: 74 | E75: 172.32.65.131 | F75: Transformer | G75: SL | H75: 502 | I75: 172.32.65.160 | J75: Теплосеть ТСРВ-042 (1:503) s/n 2200956 | R75: ПИК-КОМФОРТ ЭЛИТСЕРВИС ООО
A76: 75 | B76: ЖК Ильинские луга | C76: ул. Заповедная д.11 | D76: 75 | E76: 172.32.65.132 | F76: Transformer | G76: SL | H76: 502 | I76: 172.32.65.165 | J76: Теплосеть ТСРВ-042 (1:503) s/n 2201030 | R76: ПИК-КОМФОРТ ЭЛИТСЕРВИС ООО
A77: 76 | B77: ЖК Бунинские луга | C77: ЖК Бунинские луга, пр-т Куприна д.18 корп.1 | D77: 76 | E77: 172.32.21.73 | F77: Transformer | G77: SL | H77: 502 | I77: 172.32.21.118 | J77: Теплосеть ТСРВ-042 (1:502) s/n 2200818 | K77: ТСРВ-042 ГВС (22:502) s/n 2200816 | L77: ТСРВ-024М (23:502) s/n 2200333
A78: 77 | B78: ЖК Кольская | C78: ул. Кольская д.8 корп.1 | D78: 77 | E78: 172.32.67.130 | F78: Transformer | G78: SL | H78: 502
A79: 78 | B79: ЖК Западный порт | C79: ЖК Западный порт, ул. Большая Филевская д.3 корп.2 | D79: 78 | E79: 172.32.68.164 | F79: Danfoss | G79: ECL310/210/mcx | H79: 502 | I79: 172.32.68.164 | J79: Теплосеть (ВИСТ 13:503) s/n 200780 | K79: АВО а.ст., Вент.+ВТЗ а.ст. (ВИСТ 14:503) s/n 200783 | L79: ГВС1 и ГВС2 (ВИСТ 15:503) s/n 200782 | M79: СО ЖЧ и ПОН (ВИСТ 16:503) s/n 200781 | N79: СО ДОО и ГВС ДОО (ВИСТ 12:503) s/n 200784 | O79: Вент. ДОО и Вент.клад (ВИСТ 11:503) s/n 200783 | R79: ПИК-КОМФОРТ ООО
A80: 79 | B80: ЖК Западный порт | C80: ЖК Западный порт, ул. Большая Филевская д.3 корп.3 | D80: 79 | E80: 172.32.68.165 | F80: Danfoss | G80: ECL310/210/mcx | H80: 502 | I80: 172.32.68.166 | J80: Теплосеть (ВИСТ 1:503) s/n 210052 | K80: АВО а.ст., Вент.+ВТЗ а.ст. (ВИСТ 19:503) s/n 210055 | L80: ГВС1 и ГВС2 (ВИСТ 18:503) s/n 210054 | M80: Вент.клад (ВИСТ 17:503) s/n 210061 | N80: СО ЖЧ и СО ПОН (ВИСТ 16:503) s/n 210053 | R80: ПИК-КОМФОРТ СИРИУС ООО
A81: 80 | B81: ЖК Западный порт | C81: ЖК Западный порт, ул. Большая Филевская д.3 корп.4 | D81: 80 | E81: 172.32.68.166 | F81: Danfoss | G81: ECL310/210/mcx | H81: 502 | I81: 172.32.68.166 | K81: АВО а.ст., Вент.+ВТЗ а.ст. (ВИСТ 12:503) s/n 210060 | L81: ГВС1 и ГВС2 (ВИСТ 14:503) s/n 210059 | M81: Вент. ДОО и Вент.клад (ВИСТ 11:503) s/n 210057 | N81: СО ЖЧ и СО ПОН (ВИСТ 13:503) s/n 210058 | O81: СО ДОО и ГВ ДОО (ВИСТ 15:503) s/n 210056 | R81: ПИК-КОМФОРТ ООО
A82: 81 | B82: ЖК Западный порт | C82: ЖК Западный порт, ул. Большая Филевская д.3 корп.1 | D82: 81 | E82: 172.32.68.162 | F82: Transformer | G82: SL | H82: 502 | I82: 172.32.68.163 | J82: Теплосеть (ВИСТ 1:502) s/n 190709 | K82: СО ЖЧ и СО Тех.пом (ВИСТ 2:502) s/n 190712 | L82: СО а.ст., Вент. а.ст. (ВИСТ 3:502) s/n 190711 | M82: СО и Вент. ПОН (ВИСТ 4:502) s/n 190710 | R82: ПИК-КОМФОРТ ООО
A83: 82 | B83: ЖК Бунинские луга | C83: ЖК Бунинские луга, ул. Александры Монаховой 90к6 | D83: 82 | E83: 172.32.21.76 | F83: Danfoss | G83: ECL310/210/mcx | H83: 502 | I83: 172.32.21.76 | J83: Теплосеть ТСРВ-042 (21:503) s/n 1900922 | K83: ТСРВ-042 (22:503) s/n 1900957 | L83: ТСРВ-042 (23:503) s/n 1901117 | R83: ПИК-КОМФОРТ ООО
A84: 83 | B84: ЖК Бунинские луга | C84: ЖК Бунинские луга, ул. Александры Монаховой 90к5 | D84: 83 | E84: 172.32.21.77 | F84: Danfoss | G84: ECL310/210/mcx | H84: 502 | I84: 172.32.21.77 | J84: Теплосеть ТСРВ-042 (21:503) s/n 1901454 | K84: ТСРВ-042 (22:503) s/n 1801531 | L84: ТСРВ-042 (23:503) s/n 1901487 | R84: ПИК-КОМФОРТ ООО
A85: 84 | B85: ЖК Бунинские луга | C85: ЖК Бунинские луга, ул. Александры Монаховой 90к4 | D85: 84 | E85: 172.32.21.78 | F85: Danfoss | G85: ECL310/210/mcx | H85: 502 | I85: 172.32.21.78 | J85: Теплосеть ТСРВ-042 (21:503) s/n 1901608 | K85: ЦО ЖЧ,НЖЧ ТСРВ-042 (22:503) | L85: ГВС,вентиляция ТСРВ-042 (23:503) | R85: НАШ ДОМ ПИК-КОМФОРТ ООО
A86: 85 | B86: ЖК Бунинские луга | C86: ЖК Бунинские луга, ул. Александры Монаховой 90к3 | D86: 85 | E86: 172.32.21.79 | F86: Danfoss | G86: ECL310/210/mcx | H86: 502 | I86: 172.32.21.79 | J86: Теплосеть ТСРВ-042 (1:503) s/n 1901749 | K86: ЦО ЖЧ,НЖЧ ТСРВ-042 (22:503) s/n 1901716 | L86: ГВС,вентиляция ТСРВ-042 (23:503) s/n 1901603 | R86: НАШ ДОМ ПИК-КОМФОРТ ООО
A87: 86 | B87: ЖК Бунинские луга | C87: ЖК Бунинские луга, ул. Александры Монаховой 84к3 | D87: 86 | E87: 172.32.21.80 | F87: Danfoss | G87: ECL310/210/mcx | H87: 502 | I87: 172.32.21.80 | J87: Теплосеть (ВИСТ 21:503) | K87: ГВС, СО ЖЧ (ВИСТ 22:503) s/n 200798 | L87: Вент.клад СО НЖЧ (ВИСТ 23:503) | R87: ПИК-КОМФОРТ ООО
A88: 87 | B88: ЖК Бунинские луга | C88: ЖК Бунинские луга, ул. Александры Монаховой 84к1 | D88: 87 | E88: 172.32.21.81 | F88: Danfoss | G88: ECL310/210/mcx | H88: 502 | I88: 172.32.21.81 | J88: Теплосеть ТСРВ-042 (1:503) | K88: ГВС ТСРВ-042 (22:503) s/n 1902654 | L88: СВ,СО ТСРВ-024М (23:503) | R88: ПИК-КОМФОРТ ООО
A89: 88 | B89: ЖК Бунинские луга | C89: ЖК Бунинские луга, ул. Александры Монаховой 84к2 | D89: 88 | E89: 172.32.21.83 | F89: Danfoss | G89: ECL310/210/mcx | H89: 502 | I89: 172.32.21.83 | J89: Теплосеть ТСРВ-042 (1:503) | K89: ГВС ТСРВ-042 (22:503) s/n 1902428 | L89: СО ТСРВ-024М (23:503) | R89: ПИК-КОМФОРТ ООО
A90: 89 | B90: ЖК Бунинские луга | C90: ЖК Бунинские луга, ул. Александры Монаховой 80к2 | D90: 89 | E90: 172.32.21.82 | F90: Danfoss | G90: ECL310/210/mcx | H90: 502 | I90: 172.32.21.82 | J90: Теплосеть (ВИСТ 21:503) S/N 200818 | K90: ГВС, СО ЖЧ (ВИСТ 22:503) s/n 200812 | L90: СВ клад, СО НЖЧ (ВИСТ 23:503) s/n 200813 | R90: ПИК-КОМФОРТ ООО
A91: 90 | B91: ЖК Бунинские луга | C91: ЖК Бунинские луга, ул. Александры Монаховой 80к3 | D91: 90 | E91: 172.32.21.84 | F91: Danfoss | G91: ECL310/210/mcx | H91: 502 | I91: 172.32.21.84 | J91: Теплосеть (ВИСТ 21:503) s/n 200817 | K91: ГВС, СО ЖЧ (ВИСТ 22:503) s/n 200814 | L91: СВ клад, СО НЖЧ (ВИСТ 23:503) s/n 200815 | R91: ПИК-КОМФОРТ ООО
A92: 91 | B92: ЖК Бунинские луга | C92: ЖК Бунинские луга, ул. Александры Монаховой 84к4 | D92: 91 | E92: 172.32.21.85 | F92: Danfoss | G92: ECL310/210/mcx | H92: 502 | I92: 172.32.21.86 | J92: Теплосеть ТСРВ-042 (1:502) s/n 1902728 | K92: СО ТСРВ-024М (23:502) | L92: ГВС ТСРВ-042 (22:502) s/n 1902708 | R92: НАШ ДОМ ПИК-КОМФОРТ ООО
A93: 92 | B93: ЖК Бунинские луга | C93: ЖК Бунинские луга, Проспект Куприна 24к1 | D93: 92 | E93: 172.32.21.87 | F93: Danfoss | G93: ECL310/210/mcx | H93: 502 | I93: 172.32.21.88 | J93: Теплосеть (ВИСТ 21:503) s/n 201005 | K93: ГВС, СО ЖЧ (ВИСТ 22:503) s/n 201008 | L93: СВ клад, СО НЖЧ (ВИСТ 23:503) s/n 201009 | R93: ПИК-КОМФОРТ ПРОФИ ООО
A94: 93 | B94: ЖК Бунинские луга | C94: ЖК Бунинские луга, Проспект Куприна 24к2 | D94: 93 | E94: 172.32.21.111 | F94: Danfoss | G94: ECL310/210/mcx | H94: 502 | I94: 172.32.21.111 | J94: Теплосеть (ВИСТ 21:503) s/n 201004 | K94: СО ЖЧ, ГВС (ВИСТ 22:503) s/n 201006 | L94: СО НЖЧ, СВклад. (ВИСТ 23:503) s/n 201007 | R94: ПИК-КОМФОРТ ПРОФИ ООО
... A100: 99 | B100: ЖК Бунинские луга | C100: ЖК Бунинские луга, ул. Александры Монаховой 88к1 | D100: 99 | E100: 172.32.21.98 | F100: Transformer | G100: SL | H100: 502 | I100: 172.32.21.97 | J100: Теплосеть (ВИСТ 22:502) | K100: СО ЖЧ/НЖЧ (ВИСТ 20:502) | L100: ГВС ЖЧ/НЖЧ (ВИСТ 21:502) | R100: ПИК-КОМФОРТ ООО
A101: 100 | B101: ЖК Бунинские луга | C101: ЖК Бунинские луга, ул. Александры Монаховой 94к2 | D101: 100 | E101: 172.32.21.100 | F101: Transformer | G101: SL | H101: 502 | I101: 172.32.21.99 | J101: Теплосеть (ВИСТ 4:502) | K101: СО ЖЧ/НЖЧ (ВИСТ 3:502) | L101: ГВС ЖЧ/НЖЧ (ВИСТ откл:502) | M101: СВ НЖЧ (ВИСТ 2:502) | R101: ПИК-КОМФОРТ ООО
A102: 101 | B102: ЖК Бунинские луга | C102: ЖК Бунинские луга, ул. Александры Монаховой 94к1 | D102: 101 | E102: 172.32.21.102 | F102: Transformer | G102: SL | H102: 502 | I102: 172.32.21.101 | J102: Теплосеть (ВИСТ 1:502) s/n 181079 | K102: ГВС ЖЧ/НЖЧ (ВИСТ 2:502) s/n 181080 | L102: СВ клад., СО ЖЧ (вист 3:502) 181081 | M102: СО НЖЧ (ВИСТ 4:502) s/n 181336 | R102: ПИК-КОМФОРТ ООО
A103: 102 | B103: ЖК Бунинские луга | C103: ЖК Бунинские луга, ул. Александры Монаховой 92к3 | D103: 102 | E103: 172.32.21.103 | F103: Transformer | G103: SL | H103: 502 | I103: 172.32.21.104 | J103: Теплосеть (ВИСТ 3:502) s/n 173728 | K103: ГВС ЖЧ, НЖЧ (ВИСТ 1:502) s/n 173729 | L103: СО ЖЧ, НЖЧ (ВИСТ 2:502) s/n 173730 | R103: ПИК-КОМФОРТ ООО
A104: 103 | B104: ЖК Бунинские луга | C104: ЖК Бунинские луга, ул. Александры Монаховой 92к2 | D104: 103 | E104: 172.32.21.105 | F104: Transformer | G104: SL | H104: 502 | I104: 172.32.21.106 | J104: Теплосеть (ВИСТ 21:502) s/n 173843 | R104: ПИК-КОМФОРТ ООО
A105: 104 | B105: ЖК Бунинские луга | C105: ЖК Бунинские луга, ул. Александры Монаховой 92к1 | D105: 104 | E105: 172.32.21.107 | F105: Transformer | G105: SL | H105: 502 | I105: 172.32.21.108 | J105: Теплосеть (ВИСТ 1:502) s/n 173731 | K105: СО ЖЧ/НЖЧ (ВИСТ 2:502) s/n 173743 | L105: ГВС,ГВС нжч (ВИСТ 3:502) s/n 173732 | R105: ПИК-КОМФОРТ ООО
...

Sheet Траблы с опросом контроллеров
A1: =Лист1!A1 -> №№ | B1: =Лист1!B1 -> ЖК | C1: =Лист1!C1 -> Адрес объекта | D1: =Лист1!D1 -> ID объекта | E1: =Лист1!E1 -> IP-адрес(Контроллеры) | F1: =Лист1!G1 -> 0 | G1: Проблемы с контроллерами
A2: =Лист1!A2 -> 1 | B2: =Лист1!B2 -> ЖК Саларьево-парк | C2: =Лист1!C2 -> ул. Саларьевская д.9 | D2: =Лист1!D2 -> 1 | E2: =Лист1!E2 -> 172.32.20.32 | F2: =Лист1!G2 -> ECL310/210/mcx
A3: =Лист1!A3 -> 2 | B3: =Лист1!B3 -> ЖК Полярная 25 | C3: =Лист1!C3 -> ул. Полярная д.25 корп.3 | D3: =Лист1!D3 -> 2 | E3: =Лист1!E3 -> 172.32.64.130 | F3: =Лист1!G3 -> ECL310/210/mcx
A4: =Лист1!A4 -> 3 | B4: =Лист1!B4 -> Тюмень | C4: =Лист1!C4 -> ул. Полевая д.117 корп.3 | D4: =Лист1!D4 -> 3 | E4: =Лист1!E4 -> 172.32.21.138 | F4: =Лист1!G4 -> ECL4
A5: =Лист1!A5 -> 4 | B5: =Лист1!B5 -> ЖК Кантемировская | C5: =Лист1!C5 -> Муравска | D5: =Лист1!D5 -> 4 | E5: =Лист1!E5 -> 172.32.22.178 | F5: =Лист1!G5 -> SMH4
A6: =Лист1!A6 -> 5 | B6: =Лист1!B6 -> ЖК Саларьево-парк | C6: =Лист1!C6 -> Адрес объекта | D6: =Лист1!D6 -> 5 | E6: =Лист1!E6 -> 172.32.20.23 | F6: =Лист1!G6 -> SL
A7: =Лист1!A7 -> 6 | B7: =Лист1!B7 -> ЖК Саларьево-парк | C7: =Лист1!C7 -> ЖК Саларьево Парк, ул. Большое Понизовье д.3 | D7: =Лист1!D7 -> 6 | E7: =Лист1!E7 -> 172.32.20.12 | F7: =Лист1!G7 -> ECL310/210/mcx
A8: =Лист1!A8 -> 7 | B8: =Лист1!B8 -> ЖК Саларьево-парк | C8: =Лист1!C8 -> ЖК Саларьево Парк, пр-т Магеллана д.33 | D8: =Лист1!D8 -> 7 | E8: =Лист1!E8 -> 172.32.20.2 | F8: =Лист1!G8 -> ECL310/210/mcx
A9: =Лист1!A9 -> 8 | B9: =Лист1!B9 -> ЖК Саларьево-парк | C9: =Лист1!C9 -> ул. Большое Понизовье д.14 | D9: =Лист1!D9 -> 8 | E9: =Лист1!E9 -> 172.32.20.4 | F9: =Лист1!G9 -> ECL310/210/mcx
A10: =Лист1!A10 -> 9 | B10: =Лист1!B10 -> ЖК Белая дача парк | C10: =Лист1!C10 -> ул. Парковый микр. д.1 корп.6-7 | D10: =Лист1!D10 -> 9 | E10: =Лист1!E10 -> 172.32.75.2 | F10: =Лист1!G10 -> ECL310/210/mcx
A11: =Лист1!A11 -> 10 | B11: =Лист1!B11 -> Тюмень | C11: =Лист1!C11 -> ул. Полевая д.117 корп.5 | D11: =Лист1!D11 -> 10 | E11: =Лист1!E11 -> 172.32.21.142 | F11: =Лист1!G11 -> ECL310/210/mcx
A12: =Лист1!A12 -> 11 | B12: =Лист1!B12 -> Тюмень | C12: =Лист1!C12 -> ул. Полевая д.117 корп.7 | D12: =Лист1!D12 -> 11 | E12: =Лист1!E12 -> 172.32.21.134 | F12: =Лист1!G12 -> ECL310/210/mcx
A13: =Лист1!A13 -> 12 | B13: =Лист1!B13 -> ЖК Измайловский лес | C13: =Лист1!C13 -> ул. Реутовская д.20 | D13: =Лист1!D13 -> 12 | E13: =Лист1!E13 -> 172.32.64.194 | F13: =Лист1!G13 -> ECL310/210/mcx
... A200: =Лист1!A200 -> 199 | B200: =Лист1!B200 -> ЖК Никольские луга | C200: =Лист1!C200 -> Варшавское шоссе 282 к1 | D200: =Лист1!D200 -> 199 | E200: =Лист1!E200 -> 172.32.70.194 | F200: =Лист1!G200 -> SL
